,target
7581,1
8484,1
6215,0
6884,0
3647,1
6504,1
8190,1
5156,0
8026,0
7246,0
1514,1
2313,1
8227,1
1451,1
2020,1
3411,0
8215,1
4085,0
4504,0
838,1
8922,0
2374,1
4952,1
2906,0
8931,1
3337,1
6175,1
7378,1
450,1
4453,0
1714,0
5259,1
4734,0
339,0
8037,0
4981,1
4121,0
7363,0
2670,0
1419,1
34,1
7298,1
5845,0
3161,1
8355,1
1410,1
4149,1
2170,1
8367,1
889,1
8453,0
3082,0
8911,0
2244,1
4264,0
8013,1
8511,1
5702,1
432,0
1654,1
178,0
4383,1
6735,1
7334,0
2997,0
1886,0
8075,0
1786,1
4394,1
8036,0
4489,0
2181,0
7248,0
6867,0
2069,1
6450,1
4906,0
8660,1
880,1
4712,1
4924,1
8097,1
6685,1
4134,0
3790,1
4919,1
2887,1
5837,1
1706,1
1158,1
2306,0
7183,0
7680,1
5353,1
8964,0
6264,1
7383,0
8832,0
7030,0
4560,0
1564,1
1782,0
3799,0
3605,1
3149,0
904,1
8700,1
4607,1
7361,1
6073,1
2080,0
1565,0
4818,1
8254,0
5204,1
3544,1
5599,1
5378,1
5993,1
5186,0
1113,1
2646,0
4580,1
5762,0
7089,1
5265,0
2300,1
8557,1
254,0
7008,1
3352,1
3314,1
5694,1
5682,0
7623,0
6463,1
5411,0
2589,0
7085,0
303,0
5020,0
3150,1
5540,1
3826,0
3019,1
1436,1
3032,1
6727,1
376,1
1869,0
8756,0
3143,1
8084,0
1658,0
755,1
6880,0
4367,1
6498,1
290,1
2236,0
4793,0
7374,1
2118,0
6232,1
8250,0
501,1
3768,1
5042,1
8520,0
1539,0
4949,1
1211,0
7552,0
8198,1
672,0
6419,1
5167,0
2954,0
5723,0
5144,1
8938,0
1464,0
5164,1
8139,1
1192,1
3272,1
2264,1
421,1
505,0
6518,0
2623,1
1582,0
506,0
3739,0
2405,1
8257,0
5019,1
621,0
2126,0
8365,1
4866,1
3787,0
2933,1
8341,0
347,0
797,1
7746,1
2829,0
4562,0
8381,0
7547,0
8690,1
312,1
4629,1
746,1
790,1
2476,0
2024,0
6280,1
2570,0
3463,1
4252,1
8439,1
5407,1
4333,1
4622,0
259,0
2163,1
8237,0
380,0
4907,0
4291,0
1912,1
3309,1
599,1
45,0
1444,1
1652,0
2699,1
7909,1
1893,1
1944,1
2406,0
5361,1
8788,1
4992,0
1966,1
3027,1
5861,1
5753,0
5621,0
1600,0
6006,0
1392,1
4522,1
5357,0
4156,0
4254,0
6495,1
426,0
6123,1
8899,1
410,1
8177,1
8003,0
4511,1
2486,0
8307,1
779,1
4377,1
8299,1
5538,0
210,1
2487,1
6137,0
4934,0
5835,0
7853,1
1049,1
8089,0
4731,0
8134,0
4209,0
8588,1
5550,0
1972,1
8505,0
2099,1
1499,1
1109,1
5566,1
5751,0
652,0
6400,1
2732,1
242,1
1795,0
1702,0
3955,0
5615,0
4148,0
1498,1
2756,1
3534,1
5060,0
2178,1
7533,0
4362,0
8060,1
5198,0
6871,1
705,1
1872,0
3720,1
4060,1
4709,1
5072,1
8432,0
7991,0
4302,0
6531,1
4660,1
6811,0
565,1
5771,0
7821,0
8451,0
2987,1
640,0
4791,0
7364,1
2778,1
507,0
6055,1
1964,1
6492,1
1534,1
325,0
6315,1
2338,1
3410,1
4076,0
3649,0
2237,0
6485,1
4601,1
7338,1
8698,0
7187,1
3574,0
864,0
4722,0
8233,0
3095,1
4756,0
2815,0
6202,1
5282,1
371,1
4472,1
4609,0
5821,1
2542,0
8587,0
4747,0
6932,1
6797,1
8803,1
2364,0
5554,0
1360,0
911,1
8068,0
7618,0
5255,0
7841,0
3733,1
7913,1
964,1
3933,1
1423,0
122,1
479,1
662,1
7375,1
3704,0
3248,0
6383,0
2988,0
5155,0
2776,0
439,1
1379,1
8222,1
3382,0
6851,0
4693,0
1443,0
5359,0
6706,0
1477,1
2039,0
1173,1
5537,0
8238,1
8348,1
4896,0
5120,0
7148,1
2893,0
2669,1
4231,1
279,0
7067,0
5422,0
4920,1
2571,0
8309,0
1101,0
568,0
1694,1
3182,0
3771,0
3593,0
8357,0
3296,1
577,1
59,0
8149,0
787,1
3723,0
4284,0
3206,0
6255,0
5267,0
5945,1
7224,1
3469,0
3322,0
7188,1
4698,1
335,1
7162,1
4626,1
3524,0
4937,1
467,1
184,0
3656,0
4372,0
420,1
2350,1
553,1
1397,0
1384,1
3573,0
4057,1
1760,0
3509,0
297,1
443,0
777,0
1119,1
5227,1
7739,1
6088,1
1921,1
655,1
8228,0
2229,1
7488,1
2842,1
2537,1
6118,1
6771,0
2540,0
3909,0
5187,1
2457,1
2578,1
7580,0
3455,1
7837,1
2758,0
6577,0
5929,0
558,1
320,0
3039,0
1371,1
8655,0
907,1
5331,0
1433,0
7793,1
5396,1
8414,0
7297,0
6850,0
3159,1
6940,1
926,0
4951,1
2470,1
15,1
143,0
7814,1
2363,1
5262,1
7784,1
1161,1
4721,1
3349,1
4411,0
5386,1
1204,0
6827,0
1362,1
4280,1
1212,0
1876,0
7927,1
7220,1
7384,0
7607,0
7965,0
7399,1
1170,1
579,1
2182,0
4022,0
3624,1
3885,1
1833,1
6720,0
1825,1
6462,0
1859,0
3742,1
3615,1
2685,0
5125,0
3749,0
4528,0
3121,0
387,1
7139,1
1032,1
6314,1
2488,0
2286,1
3187,0
2629,0
3813,1
6211,1
3058,0
4879,1
931,1
6586,1
691,1
7762,0
1891,0
2268,0
5366,1
829,0
5180,1
7882,1
3685,0
8492,1
44,0
3101,1
4230,0
3012,0
3454,0
3355,1
223,0
2965,0
1187,0
7122,1
837,0
3396,1
1683,1
7523,1
3059,0
7766,1
6936,1
63,0
3092,0
617,0
5015,0
6361,1
227,0
5040,1
6915,0
8055,0
3195,0
7594,1
5339,1
4513,0
969,0
1805,0
2447,0
925,0
6788,0
5814,0
5193,0
8833,1
4532,1
2851,1
7293,0
4169,0
1860,0
5935,1
4808,1
6279,0
7538,0
6674,1
252,1
8103,0
6352,0
1789,1
6740,0
2059,1
7154,0
3047,0
3543,0
5841,0
1902,1
2750,1
2119,0
7226,0
8005,1
3979,0
2689,1
5848,0
4275,1
1923,0
5577,1
75,1
2345,1
2351,1
6742,0
430,0
6670,1
8822,1
5532,1
5428,0
8456,0
4024,0
7370,1
6547,0
6664,0
3412,1
6146,0
240,0
783,1
1354,0
3066,1
6380,1
977,0
809,0
2168,0
4812,1
4704,1
1599,0
2941,0
3964,0
3668,1
7678,0
684,0
6502,1
6128,0
1620,1
7157,0
1482,1
2146,0
1801,0
2095,0
4891,0
1357,1
6478,1
4128,0
6240,0
8466,1
4438,1
4561,1
3869,1
4386,0
1609,0
4898,1
494,1
3721,1
3319,1
3662,1
2017,0
4845,0
2328,1
29,0
7567,0
4343,1
8819,0
3118,1
1092,1
3246,1
124,1
8644,0
8458,0
4271,0
5991,1
8849,1
2298,1
8509,1
1553,0
8230,0
3341,0
598,0
2123,0
7424,0
1416,0
4739,1
6345,0
5715,0
8267,0
5680,0
7895,0
8752,1
2197,1
4877,0
3362,0
5518,0
725,1
6447,0
4028,1
808,1
3903,0
7954,1
958,1
6658,1
8996,1
8835,1
810,0
8046,0
834,0
4054,0
2423,1
6114,0
3817,1
1235,1
1225,0
6451,1
6708,0
8363,0
4700,0
4100,0
3217,0
6180,1
287,1
3989,0
2966,1
3164,0
4832,1
8875,0
7160,1
1657,1
1975,0
2397,0
452,0
6452,0
5717,1
7545,1
5173,0
2619,1
422,0
7638,1
1220,0
2929,1
657,0
3301,0
5325,0
2845,0
3023,1
6223,1
8671,1
1001,1
102,0
2418,0
7565,0
6120,0
6785,0
1580,0
4055,0
2206,1
170,0
8313,0
135,1
757,0
5520,0
1310,1
1217,0
2284,0
8088,1
2905,1
5515,0
3555,1
5603,1
1935,0
6346,0
4056,1
4039,0
807,0
2045,1
5612,1
462,0
2927,0
1956,0
2445,1
5516,1
4717,1
4947,0
3235,0
799,0
2402,0
4618,0
1073,0
4434,0
6548,1
144,0
6601,0
1340,0
4098,1
7588,1
2091,1
6861,1
5674,0
5794,0
5471,1
5825,0
5960,0
3540,1
4738,0
5507,0
1003,0
4368,0
5842,0
5107,1
3470,1
4270,0
555,0
3891,1
4823,1
8214,0
1485,1
7000,1
1272,0
7345,0
1411,1
8418,0
753,1
1471,0
4326,0
7650,1
8945,0
6947,1
3076,1
5653,1
6449,1
3288,0
4753,0
7433,0
981,1
8241,0
4119,0
2722,0
8419,0
1268,0
2462,1
4405,1
268,0
654,1
5523,0
5070,0
8213,0
2413,0
6004,0
2821,1
428,1
589,0
495,1
4032,0
4228,1
5369,1
5403,1
6157,0
6410,1
528,0
1808,0
7749,1
2055,0
1231,0
2028,1
5493,1
677,1
7095,0
6593,0
6416,0
8406,1
7440,1
2741,1
4091,1
4011,0
8805,0
2432,0
5092,0
5388,0
551,0
5022,0
4042,0
3783,0
1611,0
4421,0
5211,0
8245,0
3794,1
673,0
7178,0
4881,1
7020,1
5071,1
8514,0
4588,0
605,1
5729,1
7051,1
5778,0
1468,0
7883,0
1982,0
4785,0
890,1
6832,0
8015,1
843,0
2155,0
4773,0
8794,1
2077,1
5584,1
5006,0
5474,0
3520,1
4694,1
2799,0
5832,0
584,0
3268,1
8388,0
4002,1
5436,0
4125,0
5824,1
8182,0
6261,1
4162,0
4535,1
6005,1
4586,1
4210,0
8824,1
2550,0
6907,0
6312,0
344,0
2185,1
5165,1
7012,1
6425,0
3838,0
8703,1
871,0
4463,1
8476,0
5889,0
8692,0
90,1
8398,1
5171,0
6076,0
6143,1
7884,1
8165,1
6355,1
2117,0
2937,1
8310,0
7436,1
2836,1
3096,1
5605,1
5647,1
947,0
2925,0
4338,0
3214,1
7865,0
6144,1
883,1
7627,1
5670,1
7256,0
5677,1
627,1
1456,1
8600,0
7231,1
6555,0
7774,0
5838,0
6537,1
8631,1
7017,0
6874,0
2415,0
5927,0
7423,1
4466,1
5489,1
6590,0
8317,1
2899,0
433,1
2398,1
2209,1
1710,1
3353,1
8470,0
104,1
5756,1
1186,0
7839,0
3184,0
8811,1
6397,0
7046,1
8416,0
8897,1
151,1
3282,0
6169,0
5013,1
915,1
1305,0
4397,0
3049,1
8449,1
8106,0
8566,1
7031,0
5763,0
5153,0
3921,0
6473,0
2796,0
2701,1
1398,1
2519,0
3358,1
8273,0
183,1
4043,0
366,0
8928,0
6086,0
8652,1
6113,0
2417,1
471,0
967,1
6545,0
6460,1
2656,0
6778,1
209,1
1961,1
896,0
8613,0
3819,0
8568,1
1773,1
5146,0
2299,0
1209,1
6798,0
5579,0
8974,1
1270,0
1251,1
3176,0
7620,0
8535,1
8390,0
3973,0
1292,0
6688,0
5264,1
3370,0
5990,1
4663,0
5190,0
3651,1
3315,1
4078,0
292,0
6121,1
8140,0
1051,0
4782,0
4848,1
7213,0
272,1
2042,0
5184,1
3918,1
4185,1
103,0
1086,1
4664,1
7807,1
5117,0
4691,0
2903,1
5381,0
7019,1
4046,1
5595,0
6781,1
6605,0
6810,0
4447,0
4122,1
6291,1
613,0
8885,1
5332,0
4706,1
5589,1
3478,1
5730,0
1748,1
732,0
8240,1
4478,0
3872,0
7702,0
2910,0
6198,0
2662,1
7238,0
4692,1
8578,0
3113,0
3303,0
2154,0
1344,1
8844,1
3261,0
7355,1
3992,0
5231,1
952,0
6334,0
3021,0
3308,1
1504,0
5095,0
1806,1
5023,0
8243,1
3791,0
1121,1
5527,0
8565,0
5893,0
4755,0
4838,1
5928,1
5846,1
6375,0
1848,0
416,1
2973,1
5793,0
2431,0
2518,0
564,1
2526,1
5484,0
4860,0
3251,1
1224,1
142,0
7718,0
1490,0
7598,1
4840,0
1590,0
5102,1
4786,1
2653,1
2004,0
1194,0
4235,0
3409,1
1117,0
7476,0
1756,0
497,1
3997,0
12,0
870,1
3357,0
912,0
3582,1
721,0
4001,1
8947,1
7128,1
8629,0
5307,0
1496,1
6845,0
1520,1
8909,0
6914,1
2746,1
8065,1
5755,0
314,1
6872,0
7889,0
8936,0
3350,0
108,1
1754,1
6876,1
1351,0
3129,0
7205,0
6203,1
5427,0
480,1
6564,1
1973,1
336,0
2764,1
6160,1
6902,1
4518,1
2985,0
4550,1
5574,0
524,0
6931,1
3477,0
5720,1
3558,0
8881,0
2809,1
724,1
765,1
5306,1
5883,0
5499,1
6718,0
307,0
3773,0
3908,1
1278,1
348,0
8991,1
7621,0
5957,1
6805,0
8547,1
1791,0
8994,0
7890,1
3682,0
7032,1
8607,1
2053,0
2232,0
4335,0
71,0
4439,1
2759,1
4994,0
8125,1
5027,0
5651,0
8868,1
6543,0
2805,0
1260,0
1666,0
5012,0
7131,0
4983,0
5206,1
4322,1
2167,0
1445,0
4205,0
2533,0
4527,1
1695,0
2892,1
5826,0
1095,0
7798,0
7170,0
3203,1
4787,0
1630,1
6001,0
1881,1
5268,0
6580,0
1612,1
978,0
1413,1
6972,1
6100,0
848,0
7322,0
4985,1
7414,1
2877,0
2271,0
2392,0
7727,0
3779,0
1830,1
6804,0
7232,1
4450,0
47,1
5143,0
6306,0
1350,0
8665,1
1234,0
8074,0
8534,1
3915,0
446,1
2248,0
1743,1
844,0
8929,1
7751,1
7065,0
3289,0
2707,1
39,0
2440,1
3103,1
7263,1
6627,1
678,1
4554,0
8643,1
5504,0
1294,0
6955,0
6337,0
3984,1
8500,1
971,0
3442,1
7013,1
7827,0
1112,1
3980,1
4921,1
776,0
8742,0
2231,0
2228,0
2153,1
8870,1
4821,1
7610,1
4315,1
8538,1
7351,0
5662,0
6978,1
3183,1
6087,0
3199,1
5659,0
1289,0
4989,1
7877,0
6883,0
5456,0
6613,1
3966,1
1879,0
7103,0
5500,1
7590,0
5925,0
6780,1
8761,0
1036,0
636,1
4441,1
4295,0
1083,1
861,0
903,1
191,1
109,0
1942,1
4253,0
8401,1
6975,0
7042,1
6756,1
2775,0
2323,1
8516,0
2617,1
6758,1
1094,1
8765,0
4503,0
3135,1
4581,0
3805,1
7500,1
2654,0
4273,0
4984,1
6382,0
5431,0
6133,1
4575,1
8716,1
2202,0
4922,1
7551,1
4299,0
975,0
4689,0
941,1
2387,0
3221,1
3882,0
8490,1
5338,0
4762,1
2789,0
944,1
7786,1
8117,1
7422,0
4108,0
7134,1
3255,1
2690,0
6620,0
1319,0
8891,1
4687,0
5470,1
5608,1
3475,0
3505,0
2477,1
8288,1
5906,0
8343,0
8874,1
1874,1
7605,0
4239,0
2904,0
570,1
1448,1
4801,0
7829,0
5118,0
6698,0
5253,0
3226,0
8766,1
3978,1
6151,0
3539,0
5665,0
2827,0
5430,0
1338,0
3262,0
5148,1
650,1
2902,0
2258,0
6017,1
8091,1
8057,0
4429,0
7475,1
6939,0
2584,1
3196,1
6178,1
4329,1
1258,0
4246,1
991,0
3504,0
113,1
919,1
2509,0
8460,0
7176,1
4382,0
949,0
4613,0
3770,1
7435,1
2850,0
5219,0
4317,1
7977,1
6696,0
2505,0
1114,1
8608,0
298,1
1675,0
3347,1
2735,0
8787,0
8206,1
4678,1
7797,0
7983,0
4416,1
6310,1
2103,1
5277,0
5446,0
5982,1
1837,1
6351,0
8651,1
6562,1
607,0
1093,0
4371,0
5100,1
7932,1
160,0
203,1
5672,0
4742,1
2934,1
5888,0
2435,0
1230,0
7434,0
8791,0
8685,1
4610,0
6165,0
5162,1
4251,0
7922,0
4034,0
6513,0
4771,0
3877,1
4376,0
857,1
8048,0
6889,1
2561,1
3801,0
2640,1
4509,0
2347,0
6653,0
2781,0
4556,0
8531,0
7438,0
615,1
7007,1
2575,0
7484,0
3340,1
5669,1
1705,1
6953,1
4404,1
1493,1
8965,0
4537,0
803,0
8990,1
5722,0
990,0
6597,0
5998,1
7602,1
3513,0
4414,0
6927,0
219,0
4464,0
1288,0
3163,0
2618,0
3612,0
43,0
6770,0
3792,0
3571,1
7096,1
1503,0
4477,0
8846,0
3439,1
1892,0
8384,1
8087,0
5045,1
1505,1
670,1
7828,0
5685,0
897,1
4978,0
2666,1
3193,0
2890,0
8181,1
4836,1
6379,1
7467,0
2370,1
6362,0
1769,1
7121,0
4851,1
531,0
8428,0
7388,1
7054,1
7967,0
8022,0
731,0
3406,1
2339,0
4872,0
4701,0
2565,0
6213,0
8270,0
5412,0
5637,0
4417,0
7306,1
7947,1
1255,0
2104,0
5395,1
5014,1
8223,1
7908,1
7177,0
3484,0
8539,1
3816,0
5559,0
7039,0
6304,0
4469,0
1621,0
8479,0
6013,1
5028,1
7813,0
1096,1
5131,1
8603,1
2463,0
8798,1
1788,1
7104,1
4988,1
4999,0
192,1
820,0
4602,1
6795,1
5992,0
4166,0
2687,0
7295,0
6009,0
4813,0
5426,1
2607,0
5994,1
238,0
4015,0
8328,1
2977,0
5649,1
5271,1
945,0
5170,1
6177,0
5632,1
7249,0
3552,1
8064,0
3360,0
4474,1
2410,1
7038,0
3982,1
146,0
5358,0
2294,0
7207,1
3611,1
1736,0
6159,0
114,0
7744,1
4553,0
498,0
720,0
5780,0
3089,0
5816,0
5875,0
596,0
8279,1
8757,0
1647,1
8857,1
2700,1
5963,0
1700,1
7886,1
5810,1
4772,1
2942,1
5074,0
86,1
2308,1
2677,0
8616,0
6216,0
2594,1
8109,0
1029,0
136,0
5502,0
4950,1
7726,0
4409,1
1200,0
8562,1
5312,0
566,0
5847,0
3927,1
8339,1
7289,0
4564,1
5294,1
5260,1
6710,1
2330,0
3515,1
2187,0
195,1
4567,0
802,0
7299,1
6343,1
2068,1
5873,0
8639,0
644,0
8960,0
6820,0
120,1
2981,1
3074,0
7862,0
3278,1
2135,0
4990,0
134,0
6218,1
8673,1
2559,1
62,0
1358,0
4685,1
2467,0
679,1
5473,1
741,0
5968,1
3641,0
8711,0
8144,1
3258,1
1873,0
2596,0
1717,0
8112,0
2843,0
4027,0
7360,0
6459,0
6747,1
489,1
493,0
690,0
3821,1
602,1
1911,1
6752,0
5613,1
6956,0
4641,1
3757,1
2366,1
4370,0
5885,1
5650,1
1361,0
4816,1
1526,1
7847,0
4899,1
7371,0
1551,0
5048,1
8717,1
1337,0
3901,1
3010,0
7690,0
2250,0
2346,0
8346,1
2784,1
5382,0
150,1
2804,0
4723,0
2086,0
3751,1
2259,0
4017,1
7919,1
4880,1
7550,1
8193,1
3856,0
859,1
6983,0
6501,0
8876,0
7229,0
7278,0
4462,1
6875,0
1779,0
4720,0
5106,0
1818,0
6271,1
2704,1
175,1
2093,0
7117,1
3491,1
7844,1
82,1
816,0
5910,1
6965,1
6813,0
283,0
7686,0
6008,1
7761,1
2915,1
1813,1
1271,1
4767,0
8632,1
7292,0
5911,0
2642,0
8923,0
4508,1
2305,0
7417,0
4195,0
6817,0
4168,1
3849,0
8861,1
6928,0
6336,1
2414,1
3554,0
4498,0
2195,0
2600,0
6868,0
4314,0
3366,0
6741,0
6401,0
2633,1
6578,1
2434,0
6711,0
5549,1
5327,0
4520,0
3545,1
7836,1
7662,0
517,0
4925,0
8856,0
1415,1
4456,0
7815,0
127,0
3474,0
6407,1
4310,0
2438,0
3765,1
5598,0
8012,0
8789,0
1473,0
5570,0
3560,0
3951,0
49,0
7296,0
887,1
2616,0
516,0
3168,1
2949,0
1424,0
139,0
1924,1
2378,0
3197,0
112,1
4559,1
4595,1
3250,0
8239,0
6790,0
4546,0
5491,1
3277,1
5059,0
7518,0
7896,1
6952,0
7267,0
5933,0
3222,1
6610,1
451,0
3731,0
7910,1
7661,1
2763,0
658,1
6173,0
4620,0
999,1
389,0
3407,0
1476,0
2240,0
2386,1
8161,1
3922,0
2972,0
3386,0
1293,1
1824,0
2873,0
4173,0
2535,0
8207,0
1907,0
6763,1
368,0
1151,0
8952,0
5736,0
6220,1
6152,0
6043,0
4160,1
4287,0
6251,0
7926,0
174,1
1903,1
1099,1
6515,0
3408,1
1538,0
2292,0
8364,1
1363,0
5623,1
5340,0
7737,0
5686,1
680,1
6149,0
3664,1
1661,1
508,1
166,1
6753,1
1006,1
6848,1
7958,0
3494,1
6743,0
8772,0
2536,1
1104,1
3875,1
6041,1
1752,0
5614,0
2916,0
6475,1
152,0
3907,0
8210,1
2552,1
2773,0
4914,0
3551,0
3722,0
5351,1
7200,0
6455,0
4538,1
5458,0
1822,0
4086,1
4955,0
8842,0
5894,1
6224,1
309,0
6209,0
5882,1
3599,0
3622,0
7028,0
3450,0
4591,1
205,0
1135,1
2749,1
3613,0
305,1
1849,1
6842,1
1988,0
3240,0
2798,0
4515,0
6204,0
3109,0
4059,0
1987,1
6599,1
383,0
4307,1
3388,1
7854,0
2727,1
6027,0
5057,0
7456,0
4863,0
3832,1
7493,1
4776,0
4276,0
253,1
8627,1
6363,1
278,0
3252,1
2480,0
289,0
4903,0
3075,1
6507,1
6110,1
5159,0
6765,0
8743,1
6929,0
6979,0
6234,0
270,1
4570,0
6323,1
6432,0
7061,1
7609,0
4207,0
3218,0
1391,0
3975,0
4316,0
5398,0
5905,0
7109,1
83,0
873,0
8641,0
6405,1
4557,0
4500,0
4647,1
2038,0
8723,1
8389,0
2450,0
3954,0
2329,0
8200,0
5676,1
8423,0
4746,1
8426,1
5224,1
8465,0
5123,0
6591,0
1216,0
7477,0
5531,0
1064,0
3786,1
4410,0
6760,1
7699,1
7923,1
3008,1
1105,0
5363,0
7216,0
6107,0
7327,1
8818,1
4369,1
2765,1
3929,1
5744,0
8184,1
6046,0
5681,0
7626,1
2451,0
5026,0
6529,0
3824,0
7953,0
2652,1
8179,0
3743,1
2176,0
8329,0
3318,1
5114,0
2787,0
4105,0
8323,1
1676,1
3947,0
7219,0
7159,0
5368,0
6244,0
5974,1
2503,0
7080,1
2369,1
2217,1
2218,1
3326,0
7595,0
3583,0
8284,0
6584,1
8775,0
8668,1
7672,1
85,0
2801,1
3671,1
3667,1
8812,0
4590,0
2019,0
6297,0
2525,0
5880,0
5018,1
7569,0
7227,1
5447,1
2895,1
7557,0
4714,1
8275,1
3425,0
5583,1
5417,0
5808,1
4977,0
5836,0
2001,1
7316,0
869,1
356,0
6576,0
6194,0
1275,1
1890,1
7458,0
6596,0
8251,0
3563,1
4958,1
6919,0
2380,0
3823,1
8598,0
6926,0
3306,1
7582,1
3499,0
5371,0
1116,1
8878,1
7698,0
6847,1
7237,1
7831,1
3645,0
2500,1
5244,1
2783,0
3809,1
5333,1
7382,1
6282,1
1696,0
5908,1
2052,0
1776,0
5283,0
3313,0
4781,1
7047,1
5460,0
1592,1
1723,1
7660,1
7568,1
6679,0
490,0
8734,0
3483,1
3431,1
7269,0
6200,0
25,1
3512,1
2409,0
3270,0
1552,0
8265,0
7584,1
3871,1
3402,1
4529,0
979,1
2655,1
1847,0
6403,1
6660,1
8114,0
7283,0
5798,1
1102,1
3276,1
5937,0
7275,0
6826,0
3996,0
194,0
8171,1
643,0
3285,1
3116,0
3575,1
8023,0
4320,0
8992,1
2207,0
4552,1
5884,0
3718,1
972,1
7324,1
719,0
8483,0
3896,1
2803,0
2566,0
4025,0
32,1
6774,0
7697,0
4063,0
7900,0
1697,0
2792,0
2222,1
3764,1
3866,1
7499,0
7881,0
5377,0
6906,0
3758,1
8807,0
3227,1
6273,0
6886,0
3904,1
2277,0
5485,1
1401,1
739,1
4266,0
8872,0
5909,0
6101,0
3851,1
7352,0
6594,0
5234,1
5513,0
674,0
5709,1
5129,1
3841,0
1815,0
6823,1
8854,1
8269,1
4653,1
8611,1
2100,1
1673,0
2101,0
4213,0
5606,0
1548,1
8523,0
3323,1
5839,1
355,0
1461,0
7222,0
8444,0
3220,0
7001,0
7936,0
1751,1
6438,1
6109,0
1772,0
1196,0
1878,0
2668,1
3171,1
2016,0
2005,0
7505,0
3893,0
3237,0
4424,0
4744,1
2078,1
396,0
2788,0
8278,0
5235,1
4072,0
8102,0
8552,1
5822,0
1519,0
6581,1
1378,0
1023,1
2587,1
6142,0
5008,0
2857,0
6676,0
5761,1
1629,1
4888,1
4526,0
3523,1
6256,1
3607,1
8474,1
234,1
7153,1
3796,0
4118,0
5001,0
3800,0
6064,1
8771,1
5024,1
1948,1
470,0
6070,0
3492,1
2671,1
8147,1
2224,0
1106,1
8066,1
818,0
4523,1
7625,1
8572,1
8429,0
8450,0
888,1
2437,1
817,1
3414,0
2341,1
8034,0
3167,1
8385,0
8669,1
1264,0
5086,1
5194,0
4449,1
4945,1
4045,1
7074,1
7887,0
1228,1
8073,0
8536,1
5141,1
52,0
6126,1
8033,1
159,1
6067,1
1587,0
1589,0
6442,0
5314,0
8332,0
3858,0
7824,1
8127,0
2828,0
436,1
7341,1
3878,0
1588,0
2780,1
7960,0
7225,0
7204,0
4727,0
973,0
1238,1
2951,1
2342,0
6270,0
2158,1
5309,0
1497,1
4545,1
4257,1
2422,1
5185,0
357,0
5242,0
8935,0
8579,0
2092,1
2015,0
8093,0
7142,1
187,0
6499,0
3655,1
3426,0
5787,1
1381,0
8105,0
413,1
5037,0
4897,0
3336,0
3606,0
3175,0
8061,1
8736,0
6268,0
256,1
5689,0
200,1
2235,1
4743,0
1767,1
4236,1
7010,0
1572,1
24,0
7738,1
1088,0
4674,0
2694,1
7282,1
3398,1
3559,0
8229,1
2841,0
2311,1
7729,0
3234,0
4152,1
1309,1
695,0
5375,1
3752,1
1227,0
1999,0
276,1
5452,1
5701,0
7755,0
3637,0
6642,0
4778,0
8727,1
4117,0
5663,0
1137,0
2767,1
6582,0
6196,0
942,1
6162,0
8435,1
4935,1
3935,0
7653,1
2384,0
115,1
7842,1
8977,1
3119,1
4258,0
5404,0
7052,1
2819,0
3822,1
8148,1
4699,0
7846,0
3802,0
3536,0
3825,1
7376,1
7309,0
4810,1
1946,1
6307,1
5746,0
5335,0
3488,0
1610,0
5687,0
4677,1
4959,0
7604,1
4761,1
2194,1
6629,0
5113,0
557,1
8614,1
7478,1
1207,0
5666,1
8602,1
1510,0
3829,1
3732,0
6398,1
3211,0
3630,1
8141,0
6701,0
266,1
1140,0
3162,1
8413,0
3730,1
1909,1
5876,0
2660,0
656,1
6942,1
6296,0
998,0
5967,1
2834,1
8246,0
1237,1
8151,0
6366,0
7715,1
5091,0
2186,0
1134,0
5004,1
1303,0
1627,1
7975,1
1522,0
8826,0
358,1
138,1
299,1
1556,1
5099,1
382,0
6784,1
5597,0
4857,1
7789,1
7115,0
5743,0
7920,1
6761,1
5698,0
8297,1
2721,0
1932,0
8078,1
3236,0
3140,1
4163,0
7796,0
3807,0
8525,0
8686,0
4154,1
4172,0
796,0
2416,1
785,1
3158,1
123,0
2172,0
7081,1
7021,0
8360,1
4340,1
910,0
2309,1
8688,1
3634,1
1257,0
4458,0
1178,0
4652,0
3650,1
442,0
7525,0
1399,0
1457,1
8440,0
1054,0
5556,1
3275,1
7514,0
3699,0
3759,0
929,0
7171,1
1829,0
2928,1
8436,1
4221,1
3546,1
7880,0
6523,1
2011,0
7427,0
6672,1
3219,1
2606,0
3264,0
4928,0
8882,1
6526,0
6,1
2980,1
3361,0
4774,0
1943,0
5981,1
1635,0
1141,1
7521,0
6286,0
2070,1
3134,1
5160,1
6239,1
6728,0
2242,1
1474,0
7272,1
1889,0
3435,1
6533,1
6187,0
3705,1
2021,1
4020,1
7696,1
6997,0
7540,1
2658,1
1130,1
7633,1
1819,0
6011,1
4318,1
8640,1
4144,0
4669,0
1236,1
5476,1
8852,0
1856,0
2282,1
6946,0
8382,1
4093,1
7503,0
5200,0
3421,0
386,1
1628,1
3585,0
7894,0
2714,1
5770,1
6982,0
8383,1
3189,1
8970,0
4305,0
909,1
5385,1
7403,0
1866,1
1842,0
2497,1
8009,1
6354,0
7716,0
5054,0
4006,0
2702,1
8042,0
331,0
5748,0
7924,1
6554,0
5775,0
2459,0
1774,0
6108,1
6418,1
2686,0
8220,0
7949,1
5668,0
6838,0
7202,1
7542,1
7482,1
6993,1
7369,0
5462,1
173,1
8714,1
4615,0
3321,0
8663,1
3372,1
3311,1
5867,0
6098,1
7669,0
6551,1
4679,0
3403,1
18,0
3691,1
7396,1
4096,1
3628,0
7747,1
2174,0
1356,1
5002,0
5939,1
8548,0
3112,0
182,0
7644,1
7740,1
1812,1
6330,1
6992,1
4912,1
7191,1
1800,1
2429,1
5482,1
7558,0
6032,1
1968,1
6829,1
6535,1
6057,1
4987,0
8777,1
4650,0
1159,0
1213,1
5900,1
1325,0
6033,0
7529,0
4796,1
1455,0
5410,0
5741,0
6968,0
4962,0
7490,0
1644,0
2140,0
4536,1
4457,0
7907,0
5586,0
4378,1
729,0
4357,0
8274,0
1936,1
3793,0
3736,0
2261,1
6994,0
1110,0
7952,0
5480,1
2998,1
2394,1
1185,1
2007,0
193,0
5611,1
7819,0
578,0
5525,0
771,1
2395,0
1478,0
1846,1
8180,0
4274,0
3740,0
4600,0
8670,1
6522,0
4915,1
2073,1
4754,0
1896,0
7210,1
3659,1
2379,1
1447,1
342,1
5127,0
3136,1
2527,1
727,0
4577,1
976,0
6913,1
8052,0
3516,0
7760,1
8806,0
3940,0
1299,0
8785,1
1348,0
660,1
1492,0
6604,0
6822,1
7838,0
5154,0
2315,1
8648,1
8615,0
1085,0
2524,1
7072,0
5374,1
3198,0
7591,1
8681,0
67,1
7778,1
2269,1
6921,1
5903,1
7709,0
8153,0
5322,1
3447,0
2367,0
5820,0
6556,0
2512,1
2723,1
8253,0
7247,1
1143,1
8758,1
5813,0
8260,0
8287,0
4728,1
5494,1
7534,0
3789,1
2220,1
5075,0
2331,1
5394,0
5973,0
6481,0
8397,1
4088,1
1967,0
7971,1
7654,1
8623,0
4365,1
423,1
280,0
1904,0
595,0
7250,1
3917,1
5661,0
3618,1
839,0
4596,0
6022,1
141,1
8076,0
1377,1
3674,1
7611,0
8903,1
4741,1
3808,0
1138,1
2257,1
6325,0
1787,0
3938,0
6350,1
4646,0
459,0
8583,1
948,1
3700,1
1336,0
4628,1
7791,0
1602,0
2238,0
639,0
8836,0
3830,1
8452,0
6417,1
8860,0
1958,1
1070,0
155,0
2295,1
6252,1
4578,0
1089,0
2940,1
723,1
4384,0
930,0
2909,1
6309,1
895,0
3247,0
2326,0
7495,0
6846,0
7180,1
5038,1
4136,1
8314,1
1715,0
1698,1
8720,0
8590,1
8973,1
6632,0
3831,0
3348,1
8563,1
985,0
1821,1
4571,0
587,0
8778,0
5077,1
6538,0
6807,1
8567,1
8969,1
5483,0
6227,1
8326,0
5514,1
7764,1
5553,1
3557,0
1395,0
264,0
3547,1
6134,0
3069,0
5025,0
6923,0
3864,0
8119,1
2400,0
7084,0
3711,0
246,0
1594,0
1529,0
6631,0
923,0
6068,1
4364,0
669,1
3604,1
5108,0
1910,1
6835,0
5248,1
3958,1
5643,1
2696,1
2591,0
1781,0
3013,0
2307,0
8712,0
3690,1
687,0
612,1
6145,1
3200,1
2267,1
8813,1
7442,0
1898,0
8574,0
6207,1
258,1
2924,0
4943,0
2822,1
3339,1
3525,0
4563,0
5329,0
5223,0
2285,0
4654,1
7826,0
484,0
2211,1
5416,0
7055,0
2555,1
7,1
3657,0
8236,1
4874,0
4402,0
5546,1
8380,1
2426,0
1814,0
8658,1
2274,0
1011,1
6641,1
1067,1
1991,1
3970,0
8455,1
5879,1
6973,1
4542,0
8387,1
3867,1
8471,1
3048,1
781,0
2675,0
1749,1
2791,0
5774,1
4979,0
1091,0
6773,0
4627,0
2324,1
8262,0
5055,0
2608,1
8020,0
2290,0
1727,1
610,0
4666,0
7725,0
343,1
6854,1
7631,1
3750,0
7016,0
8371,0
3215,1
97,1
6357,0
5176,0
1537,0
3588,1
5958,0
3648,1
7788,1
6069,1
1517,1
5061,1
8409,0
4624,1
4272,0
3669,0
5800,1
2090,0
572,1
8599,1
8421,1
8121,0
3062,0
6217,0
7093,1
6372,1
6349,0
6569,1
4479,1
4948,0
370,0
1938,1
6935,1
1753,0
3670,1
3652,0
5201,0
2361,0
4260,1
5432,1
4991,1
6112,1
8510,0
3737,1
6039,1
6762,1
8558,0
5591,0
1171,1
6384,1
1422,0
8495,1
8410,0
7257,1
8235,1
874,0
2297,1
2643,0
7149,0
1719,0
5347,0
5932,1
840,0
8942,0
581,0
204,0
1641,1
2014,1
3253,1
6056,0
905,0
631,1
7843,0
6290,0
1974,1
162,1
4998,1
6692,0
8499,0
6242,1
4713,0
875,1
1431,1
4643,1
5080,0
5783,1
8212,0
6125,0
6461,0
6237,1
8489,0
2856,0
1861,1
2659,1
3384,1
8604,1
8795,0
6497,1
6837,0
4733,1
3331,0
7999,1
7365,1
6836,0
2096,1
2003,0
7589,1
6666,0
5017,1
546,1
1449,0
6800,0
2610,1
1900,1
7706,1
2757,0
1885,0
8839,1
5738,0
8494,0
5890,0
2097,0
8353,1
5692,0
499,0
5624,1
836,1
3471,0
4697,1
7785,0
2171,0
8298,0
5678,1
8252,0
398,0
2010,0
5166,0
5871,1
8810,1
1283,1
6912,0
7161,1
4256,0
1836,0
8111,0
1019,1
7088,1
1326,0
6079,1
475,0
2810,0
7354,0
1651,1
8645,0
1169,1
2528,1
1206,0
6373,1
5469,1
8442,0
7532,1
8697,0
867,1
2974,1
5236,0
5093,1
5433,0
541,0
5195,0
1132,1
8853,0
7717,1
8394,0
3390,0
7050,1
2962,0
4155,1
3259,1
6034,0
6365,1
8941,1
2583,1
2813,1
7592,0
2947,0
5174,1
6751,0
3586,0
8295,1
8983,1
2563,1
2630,1
7834,1
6253,1
5036,1
1080,0
4283,1
6427,1
2085,0
2452,0
4966,0
2023,0
6483,0
7968,0
7520,1
226,1
1013,0
1929,1
7118,0
5251,0
1404,1
2179,0
697,0
1124,1
3895,1
6618,0
5110,0
1778,0
6260,1
2634,1
3489,0
6684,0
1037,0
6093,0
2256,1
6572,1
2613,0
313,1
2649,1
2281,0
7024,1
2547,0
5512,1
5132,0
2159,1
3137,0
8131,1
5850,1
3967,0
1428,0
6961,0
2520,1
6712,1
7090,0
7243,0
7358,0
5602,0
8879,0
448,0
6193,1
1284,0
5995,1
3727,1
361,1
5230,1
7885,1
7800,0
5926,0
5149,0
2460,1
22,0
2066,0
1653,0
702,0
7530,1
2743,1
1376,0
8324,1
2468,1
3754,0
2325,1
460,1
5163,1
4183,1
8032,1
4082,1
1486,0
3678,1
282,1
4558,0
4308,0
4865,0
3537,0
6894,0
2581,1
1368,0
8517,1
6587,0
597,0
4351,0
7951,1
4758,1
646,0
8726,1
6023,0
8925,1
3468,0
8342,1
2990,1
8463,0
4875,0
2544,1
7279,1
5341,0
7175,0
4066,1
3988,1
2160,0
685,1
6258,0
3243,1
7048,0
6561,1
7573,1
4083,0
2837,1
3697,1
4941,0
5946,0
4583,1
5784,1
4040,0
2230,0
7150,1
2320,1
4878,0
521,1
522,0
5345,1
7639,0
7874,1
7870,1
7387,1
780,0
7652,0
6647,0
5607,0
5978,1
651,1
7305,0
2196,1
6954,0
369,0
6433,0
4214,1
377,1
7049,0
2216,0
7453,1
1613,0
1827,1
3632,0
962,0
2993,1
8702,0
8086,0
6648,1
359,0
3839,0
6568,1
1246,1
6839,0
5087,1
3694,1
1573,0
6281,0
7181,0
2567,1
3423,1
2037,0
772,1
5380,0
8606,0
3562,0
562,1
2546,0
5510,1
5330,0
6500,1
4531,1
1674,1
365,0
6444,0
7888,1
4327,1
147,0
1668,1
3088,0
7719,0
407,1
8621,1
3456,1
6186,1
4182,0
3576,0
3271,0
4940,1
1031,0
6424,0
7905,0
8827,0
855,0
3926,1
78,0
2247,0
7255,1
8953,0
8609,0
7571,1
6745,0
788,0
2279,1
4095,0
3897,1
6388,1
8126,1
8501,0
3631,0
7333,1
6272,1
424,1
392,0
7469,1
16,0
7321,1
4200,0
2672,0
2444,0
7011,1
6630,0
3493,0
6044,0
1459,1
7075,1
7143,0
6625,0
6512,0
3835,0
8377,0
5683,1
8877,0
5827,1
8770,0
4724,0
7596,0
5887,0
2355,0
6036,1
4798,0
2442,0
6636,1
4592,1
7613,1
464,1
163,0
8327,0
8486,1
8312,1
8796,0
241,0
2009,1
6356,1
3084,0
6208,1
900,1
5542,1
7487,1
7656,1
4837,0
2293,0
8192,1
4481,1
5302,1
4605,0
3716,1
8118,0
6140,0
1764,0
1549,1
3029,1
7395,0
6298,0
2044,0
767,1
5693,0
1508,1
3302,1
4517,1
4219,0
8625,1
6421,0
3292,1
819,1
1403,1
1382,1
2148,0
5671,0
1638,1
5891,1
608,0
399,1
6406,0
882,0
3565,1
4285,1
1179,0
5448,1
4244,0
5218,0
6691,0
2130,1
5078,1
456,1
7443,1
5175,1
1950,0
5372,1
689,0
7733,0
8837,0
1953,0
5636,1
6963,0
2710,0
7233,1
7271,1
4349,0
4138,1
1884,1
7372,1
4485,0
2494,0
6989,0
3036,0
5777,0
3603,0
845,1
542,1
3724,0
4187,0
3679,0
7918,0
6075,0
6633,0
8000,0
6734,1
2964,1
2529,0
5772,1
1048,1
1960,0
2530,1
7212,0
237,0
4917,0
6479,0
1133,1
5901,0
8090,0
4259,0
8431,1
8979,0
8512,1
7359,1
5656,1
7549,1
8524,0
5907,0
2978,1
7745,0
5524,1
7527,0
6621,0
7302,0
3919,0
3138,1
8472,0
5789,1
4073,0
3287,0
3229,1
1826,0
5548,0
593,1
2725,0
4137,1
560,1
7663,1
6903,0
243,1
5435,1
4437,1
6802,0
405,1
1442,0
261,0
6579,0
8577,0
1689,1
1725,1
7980,0
4930,1
5962,1
2496,1
6106,1
6595,0
340,0
6841,0
1601,1
6859,1
5782,0
4576,0
3725,1
2556,0
2785,0
1523,0
8051,0
2831,0
1012,0
6908,1
7912,0
1766,1
4551,1
6549,1
4037,0
6705,0
8968,0
7937,1
8682,0
363,1
5367,0
8949,1
8169,0
8502,1
4725,0
4443,1
7801,0
8622,0
2562,0
6857,0
8638,1
5519,0
8647,0
3083,0
2959,0
2102,0
632,0
2493,1
2665,0
7197,1
4406,0
7198,1
7757,1
2334,1
7508,0
3619,1
5561,0
3883,0
6659,1
4211,0
8551,0
1494,1
2401,0
3874,0
1232,0
2661,0
2817,1
6699,0
2774,0
8831,0
7768,1
4153,0
7301,0
3061,0
66,0
8950,0
1735,0
2823,0
6292,1
7466,0
6730,1
2475,1
2564,0
8984,0
3713,0
8325,1
707,1
3046,1
8259,1
5189,1
7474,0
5472,0
72,1
6018,1
4448,1
5860,1
4839,0
4131,1
5101,1
1190,0
6431,0
2601,1
1125,0
1241,1
7579,0
3602,1
8070,1
7349,1
3351,0
5094,0
6602,1
4008,0
1577,1
3906,1
3729,0
4358,0
5922,0
1343,1
8988,1
7448,1
440,0
1100,1
2637,1
6920,1
649,1
1546,0
8083,1
7473,1
2852,0
3503,1
7066,0
630,0
4768,1
1249,0
7437,0
482,0
1584,0
4676,1
6385,0
1462,0
3040,1
5010,1
7535,0
3273,1
3683,1
4145,0
8760,1
6918,1
4954,0
3225,0
1072,1
4815,0
8887,0
2631,1
1660,1
5752,1
2425,1
5079,1
8219,0
5902,0
7444,0
3097,1
3976,1
1243,0
1300,0
6284,0
6977,1
5481,1
7754,1
5495,0
5291,0
1408,0
1845,0
1798,1
3957,0
1475,1
7100,0
35,0
7452,0
6441,0
444,0
2359,1
3654,0
6302,1
7685,1
3179,1
1286,0
7281,1
4445,0
3416,1
2137,1
2636,1
4016,0
4097,0
1681,1
8773,1
7597,0
5767,1
6792,0
5275,1
1692,1
7235,1
7794,1
3635,1
372,1
7524,0
6012,1
5453,0
5921,1
4882,0
4565,0
140,1
4884,1
4419,0
8978,1
8039,1
714,1
5923,0
6542,0
5243,1
3188,1
8425,1
4431,0
8943,1
406,0
20,1
1004,1
6890,1
4986,0
2411,1
2545,1
8695,1
2390,0
7861,1
42,0
2830,0
5859,0
3371,0
3022,1
3364,0
4399,1
5252,1
11,0
4760,0
1177,0
6772,0
1947,0
2501,1
8344,0
2863,1
7432,1
3865,0
6228,1
1026,1
3848,0
2989,1
961,1
2889,1
3015,1
3338,1
6105,1
6245,1
7217,1
6434,1
6934,1
735,1
4400,1
1440,1
8769,1
8581,0
2875,0
3986,1
916,1
8199,0
7636,0
4089,1
8624,1
7645,0
2772,0
1624,1
7756,0
821,1
1367,0
3712,1
8865,1
1388,0
850,0
1000,0
8841,1
7463,1
4114,1
1637,1
1667,0
4589,0
3173,1
8705,1
1347,1
7642,0
3230,0
8124,0
8894,0
7528,0
4783,0
7647,1
3232,0
5704,0
8591,0
703,0
5105,1
7802,0
3291,0
3673,1
2408,1
8618,1
1327,1
8664,0
5773,0
6095,1
5406,0
8021,0
6083,1
4909,0
4440,0
8801,0
986,1
7770,1
3952,1
8302,0
8099,0
4049,0
6257,0
3485,1
6089,1
2474,0
5238,1
6454,0
3873,0
1198,1
4181,0
1518,0
8115,0
5477,1
6812,0
1799,1
1014,1
128,1
1364,1
7537,0
4470,1
891,1
2793,0
1969,1
5455,1
4403,1
5757,0
6527,1
6294,0
3923,0
5413,1
8291,1
3249,0
6570,0
6638,0
8242,0
1208,0
3868,0
8497,1
4065,0
8272,0
7431,0
1239,1
2289,1
2740,1
275,1
4585,1
1035,1
1229,1
6834,1
1008,1
7976,0
5178,0
3828,1
2532,0
4293,0
1058,1
6262,0
7276,0
281,1
1043,0
1316,0
6654,0
968,0
2381,0
7808,1
1939,0
7045,0
1274,0
619,1
7120,0
1742,0
1390,1
7969,1
5943,0
1579,0
1655,0
3568,0
2352,1
2212,1
6116,1
8972,0
6052,0
3178,1
3192,1
1307,1
6099,0
575,0
2360,0
6656,0
5802,0
7707,1
7379,0
1280,1
7963,1
4957,1
8094,1
5897,1
5724,0
1993,1
2639,1
269,0
629,1
7264,1
3081,0
3466,1
6430,0
8375,1
4396,0
4023,1
8751,1
5543,0
5568,1
2046,1
4356,1
7682,0
2113,0
27,1
2040,0
3928,0
2938,0
3216,0
4933,1
3814,0
129,1
7268,1
6104,0
2278,0
4599,0
13,0
8292,1
4476,0
8191,0
1525,1
2365,0
4648,0
3052,0
4005,1
6980,0
2340,1
374,1
7146,1
6477,0
525,0
939,0
3369,1
5718,1
4573,0
6895,0
2147,0
3591,1
7736,1
8553,0
2958,1
6164,1
3623,0
529,0
3714,1
7646,0
4732,0
1269,1
4281,0
1394,0
4850,0
4009,1
4390,1
1797,0
2979,1
1441,0
8187,1
2625,0
3811,0
5631,1
8336,0
1273,0
8025,1
4703,1
1712,0
8776,0
955,1
6675,0
7262,1
7818,0
8434,0
8605,1
7600,0
403,0
2071,1
8762,0
1977,1
158,0
5844,1
7005,1
3888,1
5451,0
902,1
352,1
5326,0
6078,0
6236,0
4540,0
4130,1
754,0
5833,1
2971,1
1082,0
2920,0
311,1
4644,1
661,0
7057,1
1989,1
3665,0
306,1
2335,1
4790,1
2356,1
3702,0
3804,0
1927,0
8906,1
3427,1
749,0
3638,1
7132,1
1266,1
7173,1
7441,1
2956,1
3595,1
2134,0
5066,1
4109,1
4969,1
4904,1
514,0
894,1
409,1
7398,1
8980,1
3461,1
899,0
207,1
7964,0
458,0
2054,0
2430,1
250,0
8263,0
5437,1
1107,0
7944,1
5979,1
1713,1
3911,1
7879,1
715,0
552,1
1439,1
2270,1
3144,1
6917,1
2056,0
1925,0
634,0
6082,1
316,1
8334,1
8708,1
5424,0
427,1
7277,0
105,1
3041,0
4238,1
2169,1
1709,0
89,1
7014,1
2241,1
3174,0
7318,1
6259,0
6732,1
1949,1
4044,1
8859,0
2848,0
6368,0
1,0
6139,1
4337,1
6047,1
935,0
713,1
2720,1
8956,0
5205,1
7501,0
591,0
8828,1
7356,0
2936,0
8513,1
2448,0
1576,0
7876,0
8168,0
213,1
778,0
5511,1
3496,1
7677,0
2043,0
8759,1
8550,0
5420,1
6154,1
1567,1
165,1
4702,1
3566,1
7497,1
8764,1
5439,1
2013,0
273,1
3860,0
4167,0
7809,0
3788,1
5183,1
394,1
583,1
8918,0
8986,0
116,0
6644,0
8040,0
6869,0
8954,0
8937,1
7921,1
520,0
1763,0
1875,1
5355,1
3965,0
3344,0
6598,0
2253,0
6877,0
3224,0
526,0
8108,1
2946,0
4473,1
3899,0
5655,0
692,0
6059,1
959,1
4444,0
8480,0
6342,1
6131,0
3633,1
5805,1
1050,0
590,0
519,1
3380,1
3676,1
5776,1
8062,0
6573,0
5179,0
1607,1
3610,0
8779,0
6635,0
8997,1
1809,1
791,1
792,1
8045,1
1855,0
1980,0
3233,1
3598,1
933,0
3963,1
7290,0
5626,1
5506,0
6072,0
1682,0
4179,0
4026,0
8443,0
6446,0
4116,0
988,0
7553,0
8261,1
3453,0
2896,0
3778,0
5658,1
8202,0
3093,1
3155,0
5069,0
5806,0
3201,1
7902,0
8656,0
1098,1
8129,1
2844,1
886,1
3342,0
7593,0
6540,1
8408,0
6096,0
515,1
3356,1
4833,1
1453,1
3553,1
3609,0
8934,1
4665,1
2506,1
2994,0
3999,1
6222,1
8740,0
8905,0
906,0
28,0
8294,1
2507,1
2428,1
5043,0
5346,0
762,1
3747,1
4811,0
284,1
686,0
4799,0
2353,0
6353,0
7873,0
4569,1
21,1
2752,0
885,1
8378,1
917,1
7675,0
1040,1
6335,1
7763,1
1265,0
4579,1
8331,1
7059,1
8659,1
277,0
5084,1
2084,0
1245,0
2382,1
571,1
1435,1
3902,1
5089,0
1247,0
7353,1
4681,0
3526,1
6557,1
2514,0
5445,0
1007,1
4770,1
6508,0
6999,1
4543,0
7381,1
7676,0
4455,1
2064,0
5352,1
7728,1
1690,1
3117,0
8554,1
5343,0
1985,1
294,0
1547,1
2012,0
588,1
3329,1
2403,0
2129,1
3998,1
1574,1
3741,1
3508,1
8289,0
2719,1
4521,1
6678,0
5150,1
2808,1
8576,0
556,0
6276,1
7859,1
4795,0
2469,1
3738,1
4286,0
8054,0
5289,1
1716,1
2604,0
8069,0
6924,0
1704,1
6959,0
6714,0
6496,1
2139,0
3239,1
2383,0
7314,0
4311,0
1285,0
1312,1
7759,0
1996,1
3930,1
6183,1
5985,0
7416,1
1591,0
8709,0
8446,1
2162,1
2396,0
317,0
6367,0
8496,1
3111,0
5233,1
7816,0
5068,0
4036,1
795,1
3020,1
1711,0
3387,0
36,0
4549,0
913,1
5721,1
5295,0
3972,1
5370,0
6471,0
4133,0
974,0
7291,0
983,0
7825,1
7988,1
1418,1
8098,1
1560,1
4135,0
5582,1
8167,1
4265,1
1355,0
8370,0
5016,0
8754,1
987,1
2682,0
5047,0
1640,0
1290,1
3681,1
1380,1
1933,0
4675,1
2376,0
3160,0
2030,1
892,1
7287,0
4876,0
4069,1
4255,1
2,1
8104,0
8438,0
2109,1
849,0
2737,0
2466,0
1914,0
1596,1
5872,1
1913,1
5139,0
8724,0
5640,1
2736,0
726,0
7214,1
53,1
1796,0
3845,1
6007,0
6402,0
2553,0
2800,0
936,0
8067,1
824,0
4321,1
7274,1
3401,1
1389,0
3564,1
7410,1
884,1
5429,0
5703,0
5690,0
4867,0
6707,0
7773,1
6369,0
1868,0
5181,0
10,0
3415,1
5421,0
7486,1
1463,0
806,0
7979,0
8116,0
4068,0
2108,1
8225,0
2041,0
2234,0
7307,1
963,1
7511,1
7670,1
4494,1
2632,1
6094,0
7092,0
704,0
431,0
4388,1
6077,0
145,1
6467,0
2033,1
375,0
1165,1
3500,1
2050,1
3760,1
2624,1
4484,0
4435,1
7799,0
8926,0
7069,0
4361,0
2424,0
1262,1
1771,1
3511,0
271,0
4792,1
4843,0
244,0
8855,0
4572,1
2032,1
5053,0
7735,0
813,1
8694,1
6010,1
3810,0
5727,0
8962,0
7950,0
1804,0
8359,0
4346,0
2461,1
545,1
3241,1
738,1
310,1
3521,0
7037,0
1131,1
5545,0
492,0
4111,0
7328,0
2769,0
7564,0
920,1
8816,0
8194,0
3587,0
6640,0
3959,0
38,0
4459,1
7126,1
4278,0
7129,1
2983,1
5290,1
6948,0
130,0
5217,0
8927,1
2667,0
7138,0
3223,1
1182,1
5392,0
614,1
8910,0
1466,1
4497,1
3042,0
934,1
2419,0
5085,1
3294,0
6737,1
7938,1
4822,0
826,1
1521,1
6831,0
2930,1
4232,0
628,1
4430,0
3853,0
390,0
4345,0
8869,0
7124,1
5913,1
3990,0
400,0
4806,0
5135,1
7911,1
3359,0
46,0
5657,1
488,1
3993,0
3642,0
3726,1
8592,1
5208,0
6609,1
5319,1
709,1
7119,1
2421,1
5604,1
1750,0
8951,0
8014,0
4062,0
8744,1
338,1
215,1
3663,0
1341,1
8585,1
5616,1
3894,0
3640,0
329,1
7693,1
3004,1
6960,1
4090,0
3115,0
8840,0
2322,1
6667,0
7009,1
4197,0
3549,0
1458,1
171,0
4203,0
8374,1
3569,1
4226,1
5158,0
7982,0
6185,0
8059,0
938,1
60,0
1240,0
5760,1
5136,1
8174,0
6856,1
2120,1
1524,1
7617,1
153,0
6344,1
481,0
6122,0
4460,1
7674,0
7101,0
3920,1
7658,1
7411,0
1762,1
7634,1
7315,0
750,0
1785,0
8142,0
7479,0
6212,0
4501,0
4853,1
2711,1
6766,1
7914,0
4193,0
1333,1
1250,1
6887,1
2854,1
186,1
1136,1
8448,0
8735,0
2058,1
8197,1
3850,1
148,1
4124,1
4889,1
7930,1
3363,0
4788,0
2866,0
3776,0
1386,1
5941,1
3067,0
8092,0
5695,1
3629,0
8503,1
4797,0
7903,0
3028,0
2969,0
8351,0
1708,1
2953,1
454,1
6964,0
6136,1
8178,1
6411,1
609,1
4263,0
4826,0
645,0
7454,0
2074,0
4052,1
7959,0
1622,0
4683,0
5497,1
7141,1
7320,1
5796,1
7184,1
2081,1
7077,1
40,1
5475,1
2089,1
3924,1
2175,1
7313,0
8318,0
74,0
8337,0
3798,0
2657,1
3180,1
2076,0
441,0
8296,1
2051,0
2541,0
7402,1
1301,1
5877,1
7368,0
3430,1
1304,1
236,0
8793,0
2599,0
4616,1
2573,0
3280,0
3186,0
3953,1
2768,0
4831,0
4223,1
2106,0
2679,0
7325,0
2761,0
4688,0
5399,1
1387,1
2901,0
3577,0
7868,0
8689,1
7083,0
8830,0
7393,0
5000,0
5853,0
1279,0
8473,1
804,0
6404,1
1555,0
8532,1
3190,0
4566,1
4802,0
8699,0
7166,1
4841,0
3594,1
6035,1
6852,0
6958,1
1920,0
513,0
4177,1
6843,0
1308,1
5667,1
914,0
3452,0
3695,0
4242,0
3156,0
2198,0
7840,0
774,1
4425,0
6150,1
6097,1
943,0
822,0
6878,0
5005,0
6612,0
4277,0
164,1
5619,1
4547,1
3983,0
2538,0
6957,1
3191,0
1311,1
8396,1
5207,0
8559,1
7585,0
5383,1
8157,0
3675,1
7776,1
7218,0
6722,1
3300,1
3310,0
6904,0
7221,0
327,1
5886,0
2490,1
8718,1
6103,1
5954,1
8691,1
4408,1
832,0
3079,0
7516,1
3462,0
5297,1
1823,0
7643,0
54,1
6230,1
4064,0
3451,0
6305,0
1901,0
1481,0
4873,0
4895,1
7810,1
4150,0
7068,1
3335,0
6016,1
7811,1
4926,0
946,0
5797,0
3293,1
2161,0
8847,1
5083,0
6645,1
8234,1
3057,1
7342,0
5490,0
6733,0
768,0
2065,0
8546,0
3495,1
7311,0
285,0
1500,0
4524,1
8462,1
2332,0
2717,1
2079,1
3389,0
722,0
951,1
2482,0
2262,1
989,0
3212,1
1759,1
8031,1
4422,1
6704,1
5479,1
1724,0
5182,0
8482,1
341,1
3701,1
4243,1
688,1
3432,0
5203,1
4944,1
966,0
3120,0
8530,0
2203,0
2713,0
4757,1
5098,0
8417,0
8586,1
6320,1
5280,0
5975,0
3572,1
4805,0
5299,1
1990,1
4120,0
4759,0
8024,0
5298,1
8379,1
4971,0
954,1
5034,1
6783,0
3600,0
6490,1
8580,1
474,1
8063,1
385,1
7973,0
2122,0
1625,1
536,0
6387,0
8672,1
7970,1
5032,1
7833,0
4212,1
6456,0
3507,0
201,1
7304,1
1332,0
7112,1
3502,0
2708,1
6030,0
5031,1
6514,0
4662,1
4021,0
1854,1
8481,0
2872,0
3030,0
1205,0
6563,1
1645,1
3417,1
3476,1
8593,1
2861,0
1792,1
5526,1
6922,1
3797,1
3368,1
3367,0
3533,0
7196,0
8674,0
5109,0
6024,0
3449,0
7966,1
603,1
3056,0
8358,0
126,0
5959,1
3876,1
2935,0
7300,0
5443,0
7151,1
4451,0
7147,0
3531,0
2730,1
827,0
1639,0
7790,1
7136,0
984,0
3281,0
8971,1
7783,1
2188,0
2265,1
2443,1
362,0
2349,1
345,1
814,1
6166,1
4807,1
3205,0
8128,0
2919,1
5961,1
3325,1
4106,0
5779,1
2116,0
7450,1
1834,1
793,0
7459,0
1955,1
6898,0
2674,0
94,1
8123,0
4225,0
3756,1
2891,0
2371,0
8646,0
8100,0
7428,1
8447,1
3228,1
6158,1
7863,0
7091,1
6359,0
5996,0
8264,0
8467,1
7326,1
6028,0
2853,1
8633,1
2912,0
1865,0
5754,0
4612,1
7689,0
1857,0
2645,0
2243,0
5373,1
2336,1
950,1
7578,0
8400,1
3068,1
1120,1
7608,0
2597,1
2204,0
419,0
922,0
1254,1
477,1
2035,1
5408,0
5788,0
5742,0
7182,1
7667,0
5567,1
6697,1
8135,0
1202,1
6534,0
2626,1
5765,0
8817,1
1970,1
3110,0
4018,1
2151,1
3687,1
4916,1
1997,0
4033,0
4598,1
3054,1
1248,0
2192,1
2712,1
992,1
2190,0
4670,1
5142,1
5984,1
6565,1
7804,1
3762,0
6943,1
3597,1
4711,1
1318,0
1863,0
2343,0
2449,0
2136,1
1065,0
5868,0
600,1
4227,0
2621,1
7577,1
77,0
7546,1
2898,0
6148,0
7332,1
4820,1
1314,0
8366,1
5947,1
6413,0
8007,1
5468,0
5951,1
3391,0
5415,1
2560,0
8162,1
2635,1
5256,1
3530,1
1908,0
235,0
1604,0
7984,1
3490,0
1994,1
2824,1
8349,1
1342,1
1619,1
5287,0
2060,1
8957,0
2219,1
6038,1
260,0
8424,1
3744,0
2026,1
6988,0
4234,0
1917,0
1828,1
6233,0
8393,0
6283,1
4208,0
224,0
6469,0
8469,0
846,0
4289,1
5560,0
2551,0
117,0
5966,1
8195,1
7489,1
5,0
5342,0
4324,0
1063,0
2590,1
3735,0
3517,1
6986,0
6767,0
5622,0
1605,0
1733,1
8402,1
3812,0
8657,1
1761,1
5401,0
2739,1
2472,0
6738,1
6891,1
7943,1
4206,1
6371,1
232,1
8258,0
7561,0
6168,1
3596,0
6288,1
4632,0
125,1
7641,1
6229,0
1296,1
1976,1
8526,0
5750,1
8152,0
3086,0
8340,1
6882,0
8369,1
7673,0
3345,1
8172,0
8477,0
5870,0
6506,1
2797,0
918,0
1646,1
5122,1
5126,0
4621,1
6809,0
364,1
2125,1
8150,1
55,1
638,0
302,1
5811,1
1276,1
4432,0
3644,0
4143,1
2878,0
6493,1
5240,0
8464,1
6937,0
7240,0
2593,0
2393,0
523,1
6376,1
6981,1
6677,0
3900,1
8667,0
5585,0
8420,1
7956,1
7570,0
6777,1
671,0
4188,0
666,0
3266,0
1887,1
7687,1
6031,0
6090,1
6238,0
7350,0
7830,0
760,0
6254,0
1906,0
3818,0
6269,1
4300,0
5569,0
7941,0
4164,0
5971,1
3579,0
2832,1
5449,0
3472,0
6327,1
137,1
7043,0
4892,0
2180,0
7730,1
3177,0
4854,1
4637,0
5115,1
7648,0
4261,0
1331,1
7002,0
6941,1
8017,0
6241,0
8987,0
6881,1
4530,1
4673,0
6996,1
1252,0
3374,0
2814,1
4719,1
6544,0
4858,1
7901,0
1077,0
4363,1
770,1
249,1
7239,0
3419,0
4976,0
4544,1
5565,1
7939,0
716,1
8683,1
2048,1
5997,0
6600,0
7245,0
4178,1
4809,0
8528,1
7140,0
7190,0
1460,0
5989,0
2000,0
8175,1
404,0
384,0
8533,1
1633,1
8596,0
4784,1
8504,0
6970,0
3925,1
4158,0
7449,0
8415,1
2193,0
1015,1
5124,1
7418,1
7409,1
2871,1
9,1
1838,1
4804,1
255,0
7026,1
5713,1
3324,1
7714,1
1581,1
924,0
2779,1
7891,1
6132,1
5320,1
7312,0
7102,0
6042,1
3775,0
4835,1
4964,0
539,0
7483,0
2745,0
3719,0
6819,1
4468,0
667,1
7575,0
5063,0
1353,1
7114,1
8961,0
2703,1
3330,1
8053,0
3584,1
8493,0
5645,0
3376,0
1256,1
6190,1
5348,0
4175,1
4910,0
1852,0
6316,1
8866,1
2105,1
133,1
5029,0
928,1
823,0
7576,0
1531,0
1214,0
504,0
6530,1
3072,1
6619,0
3709,0
4849,1
4748,1
4268,0
8889,0
4186,1
5301,0
2923,0
6588,0
1810,0
3486,1
7419,1
3141,0
1324,1
4312,1
7494,0
8549,0
5541,1
6172,0
1540,0
2681,0
8893,0
6313,1
1191,0
5293,0
1542,1
7056,0
2539,1
953,1
7241,0
6731,0
4846,0
6801,0
8010,1
4330,1
5334,0
7330,1
4729,0
6541,0
5305,1
5161,0
7860,1
2156,0
1062,1
1167,1
3636,0
7651,1
5588,1
7192,1
4491,0
7266,1
4980,0
8335,1
8955,1
4946,0
2782,0
717,1
2502,0
4360,0
4171,0
8082,1
8781,1
395,0
7186,0
8963,0
4492,1
1365,1
8570,0
5917,0
4968,0
2914,1
5644,1
3766,0
3440,0
7357,0
6806,0
2143,1
5104,1
5073,0
1571,0
4079,0
1122,1
2786,0
2967,0
2504,0
5988,1
7164,0
728,0
7587,1
7543,1
412,0
5745,1
7668,0
825,1
3267,0
3974,1
8306,0
417,1
6748,0
2082,0
3373,1
5726,0
4107,1
4380,1
7723,1
1066,0
3913,0
5536,0
8002,1
5387,0
5732,1
2738,1
5052,1
4000,0
2427,0
6833,1
1687,1
851,1
6303,1
5878,0
8527,1
2839,0
4611,0
2489,0
6905,1
7390,1
2849,0
6665,0
5881,1
4452,1
7421,1
6484,1
2479,1
6617,1
2141,0
5188,0
2744,0
7253,1
3506,1
1679,1
4249,1
3147,0
8130,0
7004,1
580,1
4070,1
3343,1
7404,0
3672,0
559,0
5237,1
7805,0
512,0
1081,0
1664,1
1931,1
8696,1
1150,0
2838,1
5949,0
8308,0
5177,0
830,0
8311,1
4752,0
8746,1
635,0
4465,0
6799,1
7987,0
7079,1
6966,0
4142,1
7027,0
876,0
4869,0
5315,0
5222,0
4,0
3051,0
5691,0
3124,1
2491,0
3854,0
4777,1
7509,0
6457,1
6293,1
1148,1
574,1
3769,0
4146,0
853,1
5919,0
6614,1
6002,0
4495,1
8173,0
6655,0
2368,0
4780,1
7992,1
2950,1
5625,1
6971,0
1841,0
5986,0
537,0
2806,0
5801,0
5596,0
7206,1
7343,0
7560,0
8096,0
784,0
1409,0
154,1
7806,1
3009,0
1686,0
4014,0
7455,0
3863,0
2733,0
1895,0
5442,0
569,1
6709,1
5854,0
1816,0
8319,0
3394,1
3327,0
8982,1
6102,0
2975,0
980,1
190,0
5088,1
699,0
8780,0
606,0
301,0
3420,0
8821,1
1060,1
3444,1
1069,0
2205,1
7339,0
8208,0
7679,0
4642,1
7683,1
7996,1
5600,1
7022,0
4893,1
225,1
3354,0
5895,1
3436,1
1693,0
6893,0
1045,1
3446,0
8050,0
8981,1
4735,1
4496,0
1218,0
6015,0
3987,1
4911,1
4493,1
6944,0
5699,1
8352,1
956,1
2869,1
4433,0
4973,0
2961,0
2200,1
98,0
8863,0
2557,0
8445,0
4199,1
5539,1
1648,0
6197,0
6295,1
4499,0
1154,1
2255,1
3170,0
7400,1
7158,0
3108,0
4548,0
5423,0
2049,1
8814,0
262,0
4061,1
5534,0
6616,1
8120,1
8155,0
1802,0
4736,0
2385,0
6694,1
5759,1
1959,1
2976,1
8680,0
1843,1
1734,1
2911,1
8338,0
1986,0
6546,0
7098,0
2811,0
659,0
2511,1
4282,1
8800,0
6287,1
1930,0
7125,0
197,1
7777,0
2931,1
8004,1
2327,0
4389,1
4218,1
202,1
3510,1
4931,0
5535,1
5791,0
1707,1
5172,0
5249,1
6528,0
8862,0
5855,0
8164,0
854,1
4737,1
698,1
3696,1
1636,0
7280,0
7554,1
3581,1
1291,1
6585,0
1853,1
5232,0
3763,1
3304,1
1495,1
7994,0
1998,1
663,1
3748,1
4413,0
5530,0
5575,0
7526,1
5864,0
6776,1
1306,1
7392,0
5592,0
1663,1
5450,0
3627,1
2693,0
5915,0
3157,1
6668,1
1059,0
4636,1
3242,0
1678,1
6892,0
6374,0
7574,0
1757,1
6019,1
5116,1
8755,1
7408,0
2790,1
863,1
7858,0
1484,1
7035,1
7721,1
5977,1
5134,0
206,1
4488,1
6938,0
6910,0
502,0
7385,1
1028,0
3840,0
8110,0
5056,1
8154,1
2731,1
2454,1
7215,1
3104,0
8392,1
6278,0
3099,1
6184,0
3561,0
5892,0
391,1
6736,1
5618,1
5258,0
2695,1
2027,1
5463,0
2568,1
8006,0
64,1
2062,1
5276,0
7208,0
8684,1
8571,0
6331,0
4859,0
4887,1
878,0
8529,0
7916,0
6863,0
7892,0
6439,1
7869,0
1016,0
7629,1
995,0
4297,1
161,1
5675,0
6873,0
7989,1
3843,0
1021,0
3073,1
7555,1
3943,0
1585,1
3152,0
8226,1
775,0
7099,0
5486,1
6235,1
7041,0
2612,0
7513,0
8433,1
8792,1
5393,0
8838,1
3890,1
3556,1
1528,0
1267,0
7734,1
1899,0
4658,1
3005,0
2734,1
189,0
2747,0
2047,0
7849,0
2558,1
8666,0
6396,1
3385,0
4555,1
1184,0
6420,0
5051,1
5311,1
2433,0
6949,1
769,1
1685,1
8322,1
5578,0
4426,1
466,1
6265,1
5734,0
5191,0
5390,0
860,0
7270,0
